"0742","Veterinary Services","Agricultural services",
"0763","Agricultural Co-operatives","Agricultural services",
"0780","Landscaping and Horticultural Services","Agricultural services",
"1520","General Contractors - Residential and Commercial","Contracted services",
"1711","Air Conditioning, Heating and Plumbing Contractors","Contracted services",
"1731","Electrical Contractors","Contracted services",
"1740","Masonry, Stonework, Tile Setting, Plastering and Insulation Contractors","Contracted services",
"1750","Carpentry Contractors","Contracted services",
"1761","Roofing and Siding, Sheet Metal Work Contractors","Contracted services",
"1771","Concrete Work Contractors","Contracted services",
"1799","Special Trade Contractors (Not Elsewhere Classified)","Contracted services",
"2741","Miscellaneous Publishing and Printing ","Wholesale distributors and manufacturers",
"2791","Typesetting, Plate Making and Related Services ","Wholesale distributors and manufacturers",
"2842","Sanitation, Polishing and Specialty Cleaning Preparations","Wholesale distributors and manufacturers",
"3000","United Airlines","Airlines","UNITED AIR"
"3001","American Airlines","Airlines","AMERICAN AIR"
"3002","Pan American","Airlines","PAN AM AIR"
"3003","Eurofly","Airlines","EUROFLY AIR"
"3004","Dragonair","Airlines","DRAGONAIR"
"3005","British Airways","Airlines","BRITISH AWYS"
"3006","Japan Air Lines","Airlines","JAL AIRLINE"
"3007","Air France","Airlines","AIR FRANCE"
"3008","Lufthansa","Airlines","LUFTHANSA"
"3009","Air Canada","Airlines","AIR CANADA"
"3010","Royal Dutch Airlines (KLM)","Airlines","KLM AIRLINE"
"3011","Aeroflot","Airlines","AEROFLOT"
"3012","Qantas","Airlines","QANTAS AIR"
"3013","ITA Airways (Formerly Alitalia)","Airlines","ITA AIRWAYS (FORMERLY ALITALIA)"
"3014","Saudi Arabian Airlines","Airlines","SAUDIA AIR"
"3015","Swiss International Air Lines","Airlines","SWISSINTAIR"
"3016","Scandinavian Airline System (SAS)","Airlines","SAS"
"3017","South African Airways","Airlines","SAA AIRWAYS"
"3018","Varig (Brazil)","Airlines","VARIG"
"3019","EASTERN AIRLINES","Airlines","EASTERN AIR"
"3020","Air India-AIR","Airlines","AIR-INDIA"
"3021","Air Algerie","Airlines","AIR ALGERIE"
"3022","Philippine Airlines","Airlines","PAL AIR"
"3023","Mexicana","Airlines","MEXICANA"
"3024","Pakistan International","Airlines","PAKISTAN AIR"
"3025","Air New Zealand Limited International","Airlines","AIR NZ"
"3026","Emirates Airlines","Airlines","EMIRATES"
"3027","Union de Transports Aeriens","Airlines","UTA AIRLINE"
"3028","Air Malta","Airlines","AIR MALTA"
"3029","SN Brussels Airlines","Airlines","SNBRSSLSAIR"
"3030","Aerolineas Argentinas","Airlines","AERO ARGENT"
"3031","Olympic Airways","Airlines","OLYMPIC AIR"
"3032","El Al","Airlines","EL AL"
"3033","Ansett Airlines","Airlines","ANSETT AIR"
"3034","Etihad Airways","Airlines","ETIHADAIR"
"3035","Tap (Portugal)","Airlines","TAP AIR"
"3036","VASP (Brazil)","Airlines","VASP AIR"
"3037","EgyptAir","Airlines","EGYPTAIR"
"3038","Kuwait Airways","Airlines","KUWAIT AIR"
"3039","Avianca","Airlines","AVIANCA"
"3040","Gulf Air (Bahrain)","Airlines","GULF AIR"
"3041","Balkan-Bulgarian Airlines","Airlines","BALKAN AIR"
"3042","Finnair","Airlines","FINNAIR"
"3043","Aer Lingus","Airlines","AER LINGUS"
"3044","Air Lanka","Airlines","AIR LANKA"
"3045","Nigeria Airways","Airlines","NIGERIA AIR"
"3046","Cruzeiro do Sul (Brazil)","Airlines","CRUZEIRO AIR"
"3047","THY (Turkey)","Airlines","TURKISH AIRLINES"
"3048","Royal Air Maroc","Airlines","AIR MAROC"
"3049","Tunis Air","Airlines","TUNIS AIR"
"3050","Icelandair","Airlines","ICELANDAIR"
"3051","Austrian Airlines","Airlines","AUSTRIAN AIR"
"3052","LAN Airlines","Airlines","LAN AIR"
"3053","AVIACO (Spain)","Airlines","AVIACO AIR"
"3054","LADECO (Chile)","Airlines","LADECO AIR"
"3055","LAB (Bolivia)","Airlines","LAB AIR"
"3056","Jet Airways","Airlines","JET AIR"
"3057","Virgin America","Airlines","VIR AMER"
"3058","Delta","Airlines","DELTA AIR"
"3059","DBA Airlines","Airlines","DBA AIR"
"3060","Northwest Airlines","Airlines","NWA AIR"
"3061","Continental","Airlines","CONTINENTAL"
"3062","Hapag-Lloyd Express","Airlines","HLX AIR"
"3063","U.S. Airways","Airlines","USAIRWAYS"
"3064","Adria Airways","Airlines","ADRIA AIR"
"3065","Air Inter","Airlines","AIRINTER"
"3066","Southwest Airlines","Airlines","SOUTHWESTAIR"
"3067","Vanguard Airlines","Airlines","VANGUARD AIR"
"3068","Air Astana","Airlines","AIR ASTANA"
"3069","Sun Country Airlines","Airlines","SUNCNTRYAIR"
"3070","FLYDUBAI","Airlines","FLYDUBAI"
"3071","Air British Columbia","Airlines","AIR BC"
"3072","Cebu Pacific","Airlines","CEBU PAC"
"3075","Singapore Airlines","Airlines","SINGAPOREAIR"
"3076","Aeromexico","Airlines","AEROMEXICO"
"3077","Thai Airways","Airlines","THAI AIRWAYS"
"3078","China Airlines","Airlines","CHINA AIR"
"3079","Jetstar Airways","Airlines","JETSTAR AIR"
"3080","SWOOP INC","Airlines","FLYSWOOP"
"3081","XIAMEN AIRLINES","Airlines","XIAMEN AIR"
"3082","Korean Airlines","Airlines","KOREAN AIR"
"3083","Air Afrique","Airlines","AIR AFRIQUE"
"3084","Eva Airways","Airlines","EVA AIR"
"3085","Midwest Express Airlines","Airlines","MIDWEST EXP"
"3086","CARNIVAL AIRLINES","Airlines","CARNIVAL AIR"
"3087","Metro Airlines","Airlines","METRO AIR"
"3088","Croatia Air","Airlines","CROATIA AIR"
"3089","Transaero","Airlines","TRANSAERO"
"3090","Uni Airways","Airlines","UNIAIR"
"3094","Zambia Airways","Airlines","ZAMBIA AIR"
"3096","Air Zimbabwe","Airlines","AIR ZIMBABWE"
"3097","Spanair","Airlines","SPANAIR"
"3098","Asiana Airlines","Airlines","ASIANA AIR"
"3099","Cathay Pacific","Airlines","CATHAYPACAIR"
"3100","Malaysian Airline System","Airlines","MALAY AIR"
"3102","Iberia","Airlines","IBERIA AIR"
"3103","Garuda (Indonesia)","Airlines","GARUDA AIR"
"3106","Braathens S.A.F.E. (Norway)","Airlines","BRAATHENS"
"3110","WINGS AIRWAYS","Airlines","WINGS AIR"
"3111","British Midland","Airlines","BRMIDLANDAIR"
"3112","Windward Island","Airlines","WINDWRDISAIR"
"3115","TOWER AIR","Airlines","TOWERAIR"
"3117","Venezolana International de Aviacion","Airlines","VIASA"
"3118","VALLEY AIRLINES","Airlines","VALLEY AIR"
"3125","Tan Airlines","Airlines","TAN AIR"
"3126","TALAIR","Airlines","TALAIR"
"3127","Taca International","Airlines","TACAINTL AIR"
"3129","Surinam Airways","Airlines","SURINAM AIR"
"3130","Sunworld International Airways","Airlines","SUNWORLD AIR"
"3131","VLM Airlines","Airlines","VLM AIR"
"3132","Frontier Airlines","Airlines","FRONTIER AIR"
"3133","SUNBELT AIRLINES","Airlines","SUNBELT AIR"
"3135","SUDAN AIRWAYS","Airlines","SUDAN AIR"
"3136","Qatar Airways Company W.L.L.","Airlines","QATAR AIR"
"3137","SINGLETON","Airlines","SINGLETONAIR"
"3138","SIMMONS AIRLINES","Airlines","SIMMONS AIR"
"3143","SCENIC AIRLINES","Airlines","SCENIC AIR"
"3144","Virgin Atlantic","Airlines","VIRGINATLAIR"
"3145","SAN JUAN AIRLINES","Airlines","SAN JUAN AIR"
"3146","Luxair","Airlines","LUXAIR"
"3148","Air Littoral, S.A.","Airlines","AIRLITTORAL"
"3151","Air Zaire","Airlines","AIR ZAIRE"
"3154","PRINCEVILLE","Airlines","PRINCVLLEAIR"
"3156","GO FLY Ltd.","Airlines","GOFLY"
"3159","Provincetown-Boston Airways","Airlines","PBA AIRLINE"
"3161","All Nippon Airways","Airlines","ANA AIR"
"3164","Norontair","Airlines","NORONTAIR"
"3165","NEW YORK HELICOPTER","Airlines","NY HELI"
"3167","Aero Continente","Airlines","AEROCONTINEN"
"3170","MOUNT COOK","Airlines","MT COOK AIR"
"3171","Canadian Airlines","Airlines","CANADIAN AIR"
"3172","Nation Air","Airlines","NATIONAIR"
"3174","JetBlue Airways","Airlines","JETBLUE"
"3175","Middle East Air","Airlines","MIDEAST AIR"
"3176","METROFLIGHT AIRLINES","Airlines","METROFLT AIR"
"3177","AirTran Airways","Airlines","AIRTRANAIR"
"3178","Mesa Air","Airlines","MESA AIR"
"3180","Westjet Airlines","Airlines","WESTJETAIR"
"3181","Malev Hungarian Airlines","Airlines","MALEV AIR"
"3182","LOT-Polish Airlines","Airlines","LOT AIR"
"3183","Oman Aviation Services","Airlines","OMANAIR"
"3184","LIAT","Airlines","LIAT AIRLINE"
"3185","LAV Linea Aeropostal Venezolana","Airlines","LAV AIR"
"3186","LAP Lineas Aereas Paraguayas","Airlines","LAP AIR"
"3187","LACSA (Costa Rica)","Airlines","LACSA AIR"
"3188","Virgin Express","Airlines","VIRGINEXPAIR"
"3190","Jugoslav Air","Airlines","JUGOSLAV AIR"
"3191","Island Airlines","Airlines","ISLAND AIR"
"3193","Indian Airlines","Airlines","INDIAN AIR"
"3196","Hawaiian Air","Airlines","HAWAIIAN AIR"
"3197","Havasu Airlines","Airlines","HAVASU AIR"
"3200","Guyana Airways","Airlines","GUYANA AIR"
"3203","GOLDEN PACIFIC AIR","Airlines","GOLDPAC AIR"
"3204","Freedom Airlines","Airlines","FREEDOM AIR"
"3206","China Eastern Airlines","Airlines","CHINEASTAIR"
"3211","Norwegian Air Shuttle","Airlines","NORWEGIANAIR"
"3212","Dominicana de Aviacion","Airlines","DOMINICA AIR"
"3213","BRAATHENS REGIONAL AIRLINES","Airlines","BRAATHENS REGIONAL AIR"
"3215","DAN AIR SERVICES","Airlines","DANAIRSERV"
"3216","CUMBERLAND AIRLINES","Airlines","CUMBERLNDAIR"
"3217","CSA Ceskoslovenske Aerolinie","Airlines","CSA AIRLINE"
"3218","CROWN AIR","Airlines","CROWN AIR"
"3219","Compania Panamena de Aviacion (Copa)","Airlines","COPA AIR"
"3220","Compania Faucett","Airlines","COMP FAU AIR"
"3221","Transportes Aeros Militares Ecuatorianos","Airlines",
"3222","Command Airways","Airlines","COMMAND AIR"
"3223","Comair","Airlines","COMAIR"
"3226","Skyways","Airlines","SKYWAYS AIR"
"3228","Cayman Airways","Airlines","CAYMANAIR"
"3229","SAETA (Sociedad Ecuatorianas De Transportes Aereo)","Airlines",
"3231","SAHSA (Servicio Aero de Honduras)","Airlines","SAHSA AIR"
"3233","CAPITOL AIR","Airlines","CAPITOL AIR"
"3234","Caribbean Airlines","Airlines","CARIBBEANAIR"
"3235","BROCKWAY AIR","Airlines","BROCKWAY AIR"
"3236","Air Arabia Airline","Airlines","AIR ARABIA"
"3238","BEMIDJI AIRLINES","Airlines","BEMIDJI AIR"
"3239","Bar Harbor Airlines","Airlines","BARHARBORAIR"
"3240","Bahamasair","Airlines","BAHAMASAIR"
"3241","Aviateca (Guatemala)","Airlines","AVIATECA AIR"
"3242","Avensa","Airlines","AVENSA AIR"
"3243","Austrian Air Service","Airlines","AUST AIRSERV"
"3245","EasyJet","Airlines","EASYJET AIR"
"3246","Ryanair","Airlines","RYANAIR"
"3247","Gol Airlines","Airlines","GOL AIR"
"3248","Tam Airlines","Airlines","TAM AIR"
"3251","ALOHA AIRLINES","Airlines","ALOHA AIR"
"3252","ALM Antilean Airlines","Airlines","ALM AIRLINE"
"3253","America West","Airlines",
"3254","US AIR SHUTTLE","Airlines","USAIRSHUTL"
"3256","Alaska Airlines Inc.","Airlines","ALASKA AIR"
"3259","AMERICAN TRANS AIR","Airlines","ATA AIR"
"3260","Spirit Airlines","Airlines","SPIRIT AIR"
"3261","Air China","Airlines","AIR CHINA"
"3262","RENO AIR, INC.","Airlines","RENO AIR"
"3263","Aero Servicio Carabobo","Airlines","ASC AIRLINE"
"3266","Air Seychelles","Airlines","AIR SEYCH"
"3267","Air Panama International","Airlines","AIR PANAMA"
"3280","Air Jamaica","Airlines","AIR JAMAICA"
"3282","Air Djibouti","Airlines","AIR DJIBOUTI"
"3284","AERO VIRGIN ISLANDS","Airlines","AERVIRGINIS"
"3285","Aero Peru","Airlines","AEROPERU"
"3286","Aero. Nicaraguenses","Airlines","AERONICARAG"
"3287","Aero Coach Aviation","Airlines","AEROCOACH AV"
"3292","Cyprus Airways","Airlines","CYPRUS AIR"
"3293","Ecuatoriana","Airlines","ECUATORIANA"
"3294","Ethiopian Airlines","Airlines","ETHIOPIAN AIR"
"3295","Kenya Airways","Airlines","KENYA AIR"
"3296","Air Berlin","Airlines","AIR BERLIN"
"3297","Tarom Romanian Air Transport","Airlines","TAROM AIR"
"3298","Air Mauritius","Airlines","AIRMAURITIUS"
"3299","Wideroes Flyveselskap","Airlines","WIDEROES"
"3300","Azul Brazilian Airlines","Airlines","AZUL AIR"
"3301","WIZZ AIR","Airlines","WIZZ AIR"
"3302","FLYBE LTD","Airlines","FLYBEAIR"
"3303","TIGERAIR","Airlines","TIGERAIR"
"3308","CHINA SOUTHERN AIRLINES","Airlines","CHINA SOUTHERN"
"3351","Affiliated Auto Rental","Automobile/Vehicle rentals",
"3352","American International","Automobile/Vehicle rentals",
"3353","Brooks Rent-A-Car","Automobile/Vehicle rentals",
"3354","Action Auto Rental","Automobile/Vehicle rentals",
"3355","SIXT Car Rental","Automobile/Vehicle rentals",
"3357","Hertz","Automobile/Vehicle rentals",
"3359","Payless Car Rental","Automobile/Vehicle rentals",
"3360","Snappy Car Rental","Automobile/Vehicle rentals",
"3361","Airways Rent-A-Car","Automobile/Vehicle rentals",
"3362","Altra Auto Rental","Automobile/Vehicle rentals",
"3364","Agency Rent-A-Car","Automobile/Vehicle rentals",
"3366","Budget Rent-A-Car","Automobile/Vehicle rentals",
"3368","Holiday Rent-A-Car","Automobile/Vehicle rentals",
"3370","Rent A Wreck","Automobile/Vehicle rentals",
"3374","Accent Rent-A-Car","Automobile/Vehicle rentals",
"3376","Ajax Rent-A-Car","Automobile/Vehicle rentals",
"3380","Triangle Rent-A-Car","Automobile/Vehicle rentals",
"3381","Europcar","Automobile/Vehicle rentals",
"3385","Tropical Rent-A-Car","Automobile/Vehicle rentals",
"3386","Showcase Rental Cars","Automobile/Vehicle rentals",
"3387","Alamo Rent-A-Car","Automobile/Vehicle rentals",
"3388","Merchants Rent-A-Car","Automobile/Vehicle rentals",
"3389","Avis Rent-A-Car","Automobile/Vehicle rentals",
"3390","Dollar Rent-A-Car","Automobile/Vehicle rentals",
"3391","Europe By Car","Automobile/Vehicle rentals",
"3393","National Car Rental","Automobile/Vehicle rentals",
"3394","Kemwell Group Rent-A-Car","Automobile/Vehicle rentals",
"3395","Thrifty Car Rental","Automobile/Vehicle rentals",
"3396","Tilden Rent-A-Car","Automobile/Vehicle rentals",
"3398","Econo Car Rent-A-Car","Automobile/Vehicle rentals",
"3400","Auto Host Car Rental","Automobile/Vehicle rentals",
"3405","Enterprise Rent-A-Car","Automobile/Vehicle rentals",
"3409","General Rent-A-Car","Automobile/Vehicle rentals",
"3412","A1 Rent-A-Car","Automobile/Vehicle rentals",
"3414","GODFREY NATL RENT-A-CAR","Automobile/Vehicle rentals",
"3420","ANSA International","Automobile/Vehicle rentals",
"3421","Allstate Rent-A-Car","Automobile/Vehicle rentals",
"3423","Avcar Rent-A-Car","Automobile/Vehicle rentals",
"3425","Automate Rent-A-Car","Automobile/Vehicle rentals",
"3427","Avon Rent-A-Car","Automobile/Vehicle rentals",
"3428","Carey Rent-A-Car","Automobile/Vehicle rentals",
"3429","Insurance Rent-A-Car","Automobile/Vehicle rentals",
"3430","Major Rent-A-Car","Automobile/Vehicle rentals",
"3431","Replacement Rent-A-Car","Automobile/Vehicle rentals",
"3432","Reserve Rent-A-Car","Automobile/Vehicle rentals",
"3433","Ugly Duckling Rent-A-Car","Automobile/Vehicle rentals",
"3434","USA Rent-A-Car","Automobile/Vehicle rentals",
"3435","Value Rent-A-Car","Automobile/Vehicle rentals",
"3436","Autohansa Rent-A-Car","Automobile/Vehicle rentals",
"3437","CITE RENT-A-CAR","Automobile/Vehicle rentals",
"3438","Interent Rent-A-Car","Automobile/Vehicle rentals",
"3439","Milleville Rent-A-Car","Automobile/Vehicle rentals",
"3441","Advantage Rent-A-Car","Automobile/Vehicle rentals",
"3501","Holiday Inns","Hotels and Motels",
"3502","Best Western Hotels","Hotels and Motels",
"3503","Sheraton (Sheraton Hotels)","Hotels and Motels",
"3504","Hilton","Hotels and Motels",
"3505","Forte Hotels","Hotels and Motels",
"3506","Golden Tulip Hotels","Hotels and Motels",
"3507","Friendship Inns","Hotels and Motels",
"3508","Quality Inns","Hotels and Motels",
"3509","Marriott","Hotels and Motels",
"3510","Days Inns","Hotels and Motels",
"3511","Arabella Hotels","Hotels and Motels",
"3512","Intercontinental Hotels","Hotels and Motels",
"3513","Westin (Westin Hotels)","Hotels and Motels",
"3514","Amerisuites","Hotels and Motels",
"3515","Rodeway Inns","Hotels and Motels",
"3516","LaQuinta Inns","Hotels and Motels",
"3517","Americana Hotels","Hotels and Motels",
"3518","Sol Hotels","Hotels and Motels",
"3519","Pullman International Hotels","Hotels and Motels",
"3520","Meridien Hotels","Hotels and Motels",
"3521","Royal Lahaina Resort","Hotels and Motels",
"3522","Tokyo Hotel","Hotels and Motels",
"3523","Peninsula Hotels","Hotels and Motels",
"3524","WelcomGroup Hotels","Hotels and Motels",
"3525","Dunfey Hotels","Hotels and Motels",
"3526","Prince Hotels","Hotels and Motels",
"3527","Downtowner Passport","Hotels and Motels",
"3528","Red Lion Inns","Hotels and Motels",
"3529","CP (Canadian Pacific) Hotels","Hotels and Motels",
"3530","Renaissance Hotels","Hotels and Motels",
"3531","Kauai Coconut Beach Resort","Hotels and Motels",
"3532","Royal Kona Resort","Hotels and Motels",
"3533","Hotel Ibis","Hotels and Motels",
"3534","Southern Pacific Hotel","Hotels and Motels",
"3535","Hilton International","Hotels and Motels",
"3536","AMFAC Hotels","Hotels and Motels",
"3537","ANA Hotels","Hotels and Motels",
"3538","Concorde Hotels","Hotels and Motels",
"3539","Summerfield Suites Hotel","Hotels and Motels",
"3540","Iberotel Hotels","Hotels and Motels",
"3541","Hotel Okura","Hotels and Motels",
"3542","Royal Hotels","Hotels and Motels",
"3543","Four Seasons Hotels","Hotels and Motels",
"3544","Ciga Hotels","Hotels and Motels",
"3545","Shangri-La International","Hotels and Motels",
"3546","Hotel Sierra","Hotels and Motels",
"3547","Breakers Resort","Hotels and Motels",
"3548","Hotels Melia","Hotels and Motels",
"3549","Auberge des Governeures","Hotels and Motels",
"3550","Regal 8 Inns","Hotels and Motels",
"3551","Mirage Hotel and Casino","Hotels and Motels",
"3552","Coast Hotel","Hotels and Motels",
"3553","Park Inn by Radisson","Hotels and Motels",
"3554","Pinehurst Resort","Hotels and Motels",
"3555","Treasure Island Hotel and Casino","Hotels and Motels",
"3556","Barton Creek Resort","Hotels and Motels",
"3557","Manhattan East Suite Hotels","Hotels and Motels",
"3558","Jolly Hotels","Hotels and Motels",
"3559","Candlewood Suites","Hotels and Motels",
"3560","Aladdin Resort and Casino","Hotels and Motels",
"3561","Golden Nugget","Hotels and Motels",
"3562","Comfort Inns","Hotels and Motels",
"3563","Journey's End Motels","Hotels and Motels",
"3564","Sam's Town Hotel and Casino","Hotels and Motels",
"3565","Relax Inns","Hotels and Motels",
"3566","Garden Place Hotel","Hotels and Motels",
"3567","Soho Grand Hotel","Hotels and Motels",
"3568","Ladbroke Hotels","Hotels and Motels",
"3569","Tribeca Grand Hotel","Hotels and Motels",
"3570","Forum Hotels","Hotels and Motels",
"3571","Grand Wailea Resort","Hotels and Motels",
"3572","Miyako Hotel","Hotels and Motels",
"3573","Sandman Hotels","Hotels and Motels",
"3574","Venture Inn","Hotels and Motels",
"3575","Vagabond Hotels","Hotels and Motels",
"3576","La Quinta Resort","Hotels and Motels",
"3577","Mandarin Oriental Hotels","Hotels and Motels",
"3578","Frankenmuth Bavarian","Hotels and Motels",
"3579","Hotel Mercure","Hotels and Motels",
"3580","Hotel Del Coronado","Hotels and Motels",
"3581","Delta Hotels","Hotels and Motels",
"3582","California Hotel and Casino","Hotels and Motels",
"3583","Radisson BLU","Hotels and Motels",
"3584","Princess Hotels International","Hotels and Motels",
"3585","Hungar Hotels","Hotels and Motels",
"3586","Sokos Hotel","Hotels and Motels",
"3587","Doral Hotels","Hotels and Motels",
"3588","Helmsley Hotels","Hotels and Motels",
"3589","Doral Golf Resort","Hotels and Motels",
"3590","Fairmont Hotels","Hotels and Motels",
"3591","Sonesta Hotels","Hotels and Motels",
"3592","Omni Hotels","Hotels and Motels",
"3593","Cunard Hotels","Hotels and Motels",
"3594","Arizona Biltmore","Hotels and Motels",
"3595","Hospitality Inns","Hotels and Motels",
"3596","Wynn Las Vegas","Hotels and Motels",
"3597","Riverside Resort and Casino","Hotels and Motels",
"3598","Regent International Hotel","Hotels and Motels",
"3599","Pannonia Hotels","Hotels and Motels",
"3600","Saddlebrook Resort-Tampa","Hotels and Motels",
"3601","TradeWinds Resorts","Hotels and Motels",
"3602","Hudson Hotel","Hotels and Motels",
"3603","Noah's Hotel","Hotels and Motels",
"3604","Hilton Garden Inn","Hotels and Motels",
"3605","Jurys Doyle Hotel Group","Hotels and Motels",
"3606","Jefferson Hotel","Hotels and Motels",
"3607","Fontainebleau Resort","Hotels and Motels",
"3608","Gaylord Opryland","Hotels and Motels",
"3609","Gaylord Palms","Hotels and Motels",
"3610","Gaylord Texan","Hotels and Motels",
"3611","C MON INN","Hotels and Motels",
"3612","Movenpick Hotels","Hotels and Motels",
"3613","Microtel Inn and Suites","Hotels and Motels",
"3614","AmericInn","Hotels and Motels",
"3615","Travelodge","Hotels and Motels",
"3616","Hermitage Hotel","Hotels and Motels",
"3617","America's Best Value Inn","Hotels and Motels",
"3618","Great Wolf","Hotels and Motels",
"3619","aloft (aloft hotels)","Hotels and Motels",
"3620","Binion's Horseshoe Club","Hotels and Motels",
"3621","Extended Stay","Hotels and Motels",
"3622","Merlin Hotel Group","Hotels and Motels",
"3623","Dorint Hotels","Hotels and Motels",
"3624","Lady Luck Hotel and Casino","Hotels and Motels",
"3625","Hotel Universale","Hotels and Motels",
"3626","Studio Plus","Hotels and Motels",
"3627","Extended Stay America","Hotels and Motels",
"3628","Excalibur Hotel and Casino","Hotels and Motels",
"3629","Dan Hotels","Hotels and Motels",
"3630","Extended Stay Deluxe","Hotels and Motels",
"3631","Sleep Inns","Hotels and Motels",
"3632","The Phoenician","Hotels and Motels",
"3633","Rank Hotels","Hotels and Motels",
"3634","Swissotel","Hotels and Motels",
"3635","Reso Hotel","Hotels and Motels",
"3636","Sarova Hotels","Hotels and Motels",
"3637","Ramada Inns","Hotels and Motels",
"3638","Howard Johnson","Hotels and Motels",
"3639","Mount Charlotte Thistle","Hotels and Motels",
"3640","Hyatt Hotels","Hotels and Motels",
"3641","Sofitel Hotels","Hotels and Motels",
"3642","Novotel Hotels","Hotels and Motels",
"3643","Steigenberger Hotels","Hotels and Motels",
"3644","EconoLodges","Hotels and Motels",
"3645","Queens Moat Houses","Hotels and Motels",
"3646","Swallow Hotels","Hotels and Motels",
"3647","Husa Hotels","Hotels and Motels",
"3648","De Vera Hotels","Hotels and Motels",
"3649","Radisson","Hotels and Motels",
"3650","Red Roof Inns","Hotels and Motels",
"3651","Imperial London Hotels","Hotels and Motels",
"3652","Embassy Hotels","Hotels and Motels",
"3653","Penta Hotels","Hotels and Motels",
"3654","Loews Hotels","Hotels and Motels",
"3655","Scandic Hotels","Hotels and Motels",
"3656","Sara Hotels","Hotels and Motels",
"3657","Oberoi Hotels","Hotels and Motels",
"3658","New Otani Hotels","Hotels and Motels",
"3659","Taj Hotels International","Hotels and Motels",
"3660","Knights Inn","Hotels and Motels",
"3661","Metropole Hotels","Hotels and Motels",
"3662","Circus Circus Hotel and Casino","Hotels and Motels",
"3663","Hoteles El Presidente","Hotels and Motels",
"3664","Flag Inns","Hotels and Motels",
"3665","Hampton Inn Hotels","Hotels and Motels",
"3666","Stakis Hotels","Hotels and Motels",
"3667","Luxor Hotel and Casino","Hotels and Motels",
"3668","Maritim Hotels","Hotels and Motels",
"3669","Eldorado Hotel and Casino","Hotels and Motels",
"3670","Arcade Hotels","Hotels and Motels",
"3671","Arctia Hotels","Hotels and Motels",
"3672","Campanile Hotels","Hotels and Motels",
"3673","IBUSZ Hotels","Hotels and Motels",
"3674","Rantasipi Hotels","Hotels and Motels",
"3675","Interhotel CEDOK","Hotels and Motels",
"3676","Monte Carlo Hotel and Casino","Hotels and Motels",
"3677","Climat de France Hotels","Hotels and Motels",
"3678","Cumulus Hotels","Hotels and Motels",
"3679","Silver Legacy Hotel and Casino","Hotels and Motels",
"3680","Hoteis Othan","Hotels and Motels",
"3681","Adams Mark Hotels","Hotels and Motels",
"3682","Sahara Hotel and Casino","Hotels and Motels",
"3683","Bradbury Suites","Hotels and Motels",
"3684","Budget Hosts Inns","Hotels and Motels",
"3685","Budgetel Inns","Hotels and Motels",
"3686","Susse Chalet","Hotels and Motels",
"3687","Clarion Hotels","Hotels and Motels",
"3688","Compri Hotels","Hotels and Motels",
"3689","Consort Hotels","Hotels and Motels",
"3690","Courtyard by Marriott","Hotels and Motels",
"3691","Dillon Inn","Hotels and Motels",
"3692","Doubletree","Hotels and Motels",
"3693","Drury Inn","Hotels and Motels",
"3694","Economy Inns of America","Hotels and Motels",
"3695","Embassy Suites","Hotels and Motels",
"3696","Excel Inn","Hotels and Motels",
"3697","Fairfield Hotels","Hotels and Motels",
"3698","Harley Hotels","Hotels and Motels",
"3699","Midway Motor Lodge","Hotels and Motels",
"3700","Motel 6","Hotels and Motels",
"3701","La Mansion Del Rio","Hotels and Motels",
"3702","Registry Hotels","Hotels and Motels",
"3703","Residence Inn","Hotels and Motels",
"3704","Royce Hotels","Hotels and Motels",
"3705","Sandman Inn","Hotels and Motels",
"3706","Shilo Inn","Hotels and Motels",
"3707","Shoney's Inn","Hotels and Motels",
"3708","Virgin River Hotel and Casino","Hotels and Motels",
"3709","Super 8 Motels","Hotels and Motels",
"3710","The Ritz-Carlton","Hotels and Motels",
"3711","Flag Inns (Australia)","Hotels and Motels",
"3712","Buffalo Bill's Hotel and Casino","Hotels and Motels",
"3713","Quality Pacific Hotel","Hotels and Motels",
"3714","Four Seasons (Australia) Hotels","Hotels and Motels",
"3715","Fairfield Inn","Hotels and Motels",
"3716","Carlton Hotels","Hotels and Motels",
"3717","City Lodge Hotels","Hotels and Motels",
"3718","Karos Hotels","Hotels and Motels",
"3719","Protea Hotels","Hotels and Motels",
"3720","Southern Sun Hotels","Hotels and Motels",
"3721","Conrad Hotels","Hotels and Motels",
"3722","Wyndham","Hotels and Motels",
"3723","Rica Hotels","Hotels and Motels",
"3724","Inter Nor Hotels","Hotels and Motels",
"3725","Sea Pines Resort","Hotels and Motels",
"3726","Rio Suites","Hotels and Motels",
"3727","Broadmoor Hotel","Hotels and Motels",
"3728","Ballys Hotel and Casino","Hotels and Motels",
"3729","John Ascuagas Nugget","Hotels and Motels",
"3730","MGM Grand Hotel","Hotels and Motels",
"3731","Harrahs Hotels and Casinos","Hotels and Motels",
"3732","Opryland Hotel","Hotels and Motels",
"3733","Boca Raton Resort","Hotels and Motels",
"3734","Harvey Bristol Hotels","Hotels and Motels",
"3735","Masters Economy Inns","Hotels and Motels",
"3736","Colorado Belle Edgewater Resort","Hotels and Motels",
"3737","Riviera Hotel and Casino","Hotels and Motels",
"3738","Tropicana Resort and Casino","Hotels and Motels",
"3739","Woodside Hotels and Resorts","Hotels and Motels",
"3740","TownePlace Suites","Hotels and Motels",
"3741","Millennium Hotels","Hotels and Motels",
"3742","Club Med","Hotels and Motels",
"3743","Biltmore Hotel and Suites","Hotels and Motels",
"3744","Carefree Resorts","Hotels and Motels",
"3745","St. Regis Hotel","Hotels and Motels",
"3746","Eliot Hotels","Hotels and Motels",
"3747","Club Corp/Club Resorts","Hotels and Motels",
"3748","Wellesley Inns","Hotels and Motels",
"3749","Beverly Hills Hotel","Hotels and Motels",
"3750","Crowne Plaza Hotels","Hotels and Motels",
"3751","Homewood Suites","Hotels and Motels",
"3752","Peabody Hotels","Hotels and Motels",
"3753","Greenbriar Resorts","Hotels and Motels",
"3754","Amelia Island Plantation","Hotels and Motels",
"3755","Homestead","Hotels and Motels",
"3756","TOYOKO INN","Hotels and Motels",
"3757","Canyon Ranch","Hotels and Motels",
"3758","Kahala Mandarin Oriental Hotel","Hotels and Motels",
"3759","Orchid at Mauna Lani","Hotels and Motels",
"3760","Halekulani Hotel/Waikiki Parc","Hotels and Motels",
"3761","Primadonna Hotel and Casino","Hotels and Motels",
"3762","Whiskey Pete's Hotel and Casino","Hotels and Motels",
"3763","Chateau Elan Winery and Resort","Hotels and Motels",
"3764","Beau Rivage Hotel and Casino","Hotels and Motels",
"3765","Bellagio Hotel and Casino","Hotels and Motels",
"3766","Fremont Hotel and Casino","Hotels and Motels",
"3767","Main Street Hotel and Casino","Hotels and Motels",
"3768","Silver Star Hotel and Casino","Hotels and Motels",
"3769","Stratosphere Hotel and Casino","Hotels and Motels",
"3770","SpringHill Suites","Hotels and Motels",
"3771","Caesars Hotel and Casino","Hotels and Motels",
"3772","Nemacolin Woodlands","Hotels and Motels",
"3773","Venetian Resort Hotel and Casino","Hotels and Motels",
"3774","New York, New York Hotel and Casino","Hotels and Motels",
"3775","Sands Resort","Hotels and Motels",
"3776","Nevele Grande Resort and Country Club","Hotels and Motels",
"3777","Mandalay Bay Resort","Hotels and Motels",
"3778","Four Points Hotels","Hotels and Motels",
"3779","W Hotels","Hotels and Motels",
"3780","Disney Resorts","Hotels and Motels",
"3781","Patricia Grand Resort Hotels","Hotels and Motels",
"3782","Rosen Hotels and Resorts","Hotels and Motels",
"3783","Town and Country Resort & Convention Center","Hotels and Motels",
"3784","First Hospitality Hotels","Hotels and Motels",
"3785","Outrigger Hotels & Resorts","Hotels and Motels",
"3786","Ohana Hotels of Hawaii","Hotels and Motels",
"3787","Caribe Royale Resort Suites & Villas","Hotels and Motels",
"3788","Ala Moana Hotel","Hotels and Motels",
"3789","Smugglers' Notch Resort","Hotels and Motels",
"3790","Raffles Hotels","Hotels and Motels",
"3791","Staybridge Suites","Hotels and Motels",
"3792","Claridge Casino Hotel","Hotels and Motels",
"3793","The Flamingo Hotels","Hotels and Motels",
"3794","Grand Casino Hotels","Hotels and Motels",
"3795","Paris Las Vegas Hotel","Hotels and Motels",
"3796","Peppermill Hotel Casino","Hotels and Motels",
"3797","Atlantic City Hilton","Hotels and Motels",
"3798","Embassy Vacation Resort","Hotels and Motels",
"3799","Hale Koa Hotel","Hotels and Motels",
"3800","Homestead Suites","Hotels and Motels",
"3801","Wilderness Hotel and Golf Resort","Hotels and Motels",
"3802","The Palace Hotel","Hotels and Motels",
"3803","The Wigwam Golf Resort and Spa","Hotels and Motels",
"3804","The Diplomat Country Club and Spa","Hotels and Motels",
"3805","The Atlantic","Hotels and Motels",
"3806","Princeville Resort","Hotels and Motels",
"3807","Element","Hotels and Motels",
"3808","LXR (Luxury Resorts)","Hotels and Motels",
"3809","Settle Inn","Hotels and Motels",
"3810","La Costa Resort","Hotels and Motels",
"3811","Premier Inn","Hotels and Motels",
"3812","Hyatt Place","Hotels and Motels",
"3813","Hotel Indigo","Hotels and Motels",
"3814","The Roosevelt Hotel NY","Hotels and Motels",
"3815","Holiday Inn Nickelodeon","Hotels and Motels",
"3816","Home2 Suites by Hilton","Hotels and Motels",
"3817","Affinia","Hotels and Motels",
"3818","MainStay Suites","Hotels and Motels",
"3819","Oxford Suites","Hotels and Motels",
"3820","Jumeirah Essex House","Hotels and Motels",
"3821","Caribe Royale","Hotels and Motels",
"3822","Crossland","Hotels and Motels",
"3823","Grand Sierra Resort","Hotels and Motels",
"3824","Aria (Aria Resort and Casino)","Hotels and Motels",
"3825","Vdara (Vdara Hotel and Spa)","Hotels and Motels",
"3826","Autograph","Hotels and Motels",
"3827","Galt House","Hotels and Motels",
"3828","Cosmopolitan of Las Vegas","Hotels and Motels",
"3829","Country Inn by Carlson","Hotels and Motels",
"3830","Park Plaza Hotel","Hotels and Motels",
"3831","Waldorf","Hotels and Motels",
"3832","Curio Hotels","Hotels and Motels",
"3833","Canopy Hotels","Hotels and Motels",
"3834","Baymont Inn & Suites","Hotels and Motels",
"3835","Dolce Hotels and Resorts","Hotels and Motels",
"3836","Hawthorne Suites by Wyndham","Hotels and Motels",
"3837","HOSHINO RESORTS","Hotels and Motels",
"3838","KIMPTON HOTELS","Hotels and Motels",
"3839","KYORITSU HOTELS","Hotels and Motels",
"4111","Local and Suburban Commuter Passenger Transportation, Including Ferries","Travel",
"4112","Passenger Railways","Transportation",
"4119","Ambulance Services","Transportation",
"4121","Limousines and Taxicabs","Travel",
"4131","Bus Lines","Transportation",
"4214","Motor Freight Carriers and Trucking - Local and Long Distance, Moving and Storage Companies, and Local Delivery","Transportation",
"4215","Courier Services - Air and Ground, and Freight Forwarders","Transportation",
"4225","Public Warehousing and Storage - Farm Products, Refrigerated Goods, Household Goods, and Storage","Transportation",
"4411","Cruise Lines","Transportation",
"4457","Boat Rentals and Leasing","Transportation",
"4468","Marinas, Marine Service/Supplies","Transportation",
"4511","Airlines and Air Carriers (Not Elsewhere Classified)","Transportation",
"4582","Airports, Airport Terminals, Flying Fields","Transportation",
"4722","Travel Agencies and Tour Operators","Transportation",
"4723","Package Tour Operators - Germany Only","Transportation",
"4784","Tolls and Bridge Fees","Travel",
"4789","Transportation Services (Not Elsewhere Classified)","Transportation",
"4812","Telecommunication Equipment and Telephone Sales","Utilities",
"4813","Key-entry Telecom Merchant providing single local and long-","Utilities",
"4814","Telecommunication Services including but not limited to prepaid","Utilities",
"4816","Computer Network/Information Services","Utilities",
"4821","Telegraph Services","Utilities",
"4829","Money Transfer","Service providers",
"4899","Cable, Satellite and Other Pay Television/Radio/Streaming Services","Utilities",
"4900","Utilities-Electric, Gas, Heating Oil, Sanitary, Water","Utilities",
"5013","Motor Vehicle Supplies and New Parts","Retail outlets",
"5021","Office and Commercial Furniture ","Retail outlets",
"5039","Construction Materials (Not Elsewhere Classified) ","Retail outlets",
"5044","Office, Photographic, Photocopy and Microfilm Equipment ","Retail outlets",
"5045","Computers and Computer Peripheral Equipment and Software","Retail outlets",
"5046","Commercial Equipment (Not Elsewhere Classified)","Retail outlets",
"5047","Medical, Dental, Ophthalmic and Hospital Equipment and Supplies","Retail outlets",
"5051","Metal Service Centers and Offices","Retail outlets",
"5065","Electrical Parts and Equipment","Retail outlets",
"5072","Hardware, Equipment and Supplies","Retail outlets",
"5074","Plumbing and Heating Equipment and Supplies","Retail outlets",
"5085","Industrial Supplies (Not Elsewhere Classified)","Retail outlets",
"5094","Precious Stones and Metals, Watches and Jewelry","Retail outlets",
"5099","Durable Goods (Not Elsewhere Classified)","Retail outlets",
"5111","Stationery, Office Supplies, Printing and Writing Paper","Retail outlets",
"5122","Drugs, Drug Proprietaries and Druggists Sundries","Retail outlets",
"5131","Piece Goods, Notions and Other Dry Goods","Retail outlets",
"5137","Men's, Women's, and Children's Uniforms and Commercial Clothing","Retail outlets",
"5139","Commercial Footwear","Retail outlets",
"5169","Chemicals and Allied Products (Not Elsewhere Classified)","Retail outlets",
"5172","Petroleum and Petroleum Products","Retail outlets",
"5192","Books, Periodicals and Newspapers","Retail outlets",
"5193","Florists Supplies, Nursery Stock and Flowers","Retail outlets",
"5198","Paints, Varnishes and Supplies","Retail outlets",
"5199","Nondurable Goods (Not Elsewhere Classified)","Retail outlets",
"5200","Home Supply Warehouse Stores","Retail stores",
"5211","Lumber and Building Materials Stores","Retail stores",
"5231","Glass, Paint, Wallpaper Stores","Retail stores",
"5251","Hardware Stores","Retail stores",
"5261","Nurseries and Lawn and Garden Supply Stores","Retail stores",
"5262","Marketplaces","Retail stores",
"5271","Mobile Home Dealers","Retail stores",
"5300","Wholesale Clubs","Retail stores",
"5309","Duty Free Stores","Retail stores",
"5310","Discount Stores","Retail stores",
"5311","Department Stores","Retail stores",
"5331","Variety Stores","Retail stores",
"5399","Miscellaneous General Merchandise","Retail stores",
"5411","Grocery Stores and Supermarkets","Groceries",
"5422","Freezer and Locker Meat Provisioners","Retail stores",
"5441","Candy, Nut, Confectionery Stores","Retail stores",
"5451","Dairy Products Stores","Retail stores",
"5462","Bakeries","Retail stores",
"5499","Miscellaneous Food Stores - Convenience Stores and Specialty Markets","Retail stores",
"5511","Car and Truck Dealers (New and Used) Sales, Service, Repairs, Parts, and Leasing","Automobiles and vehicles",
"5521","Car and Truck Dealers (Used Only) Sales, Service, Repairs, Parts, and Leasing","Automobiles and vehicles",
"5531","Auto Store, Home Supply Stores","Automobiles and vehicles",
"5532","Automotive Tire Stores","Automobiles and vehicles",
"5533","Automotive Parts and Accessories Stores","Automobiles and vehicles",
"5541","Service Stations (with or without Ancillary Services)","Gas/Service Stations",
"5542","Automated Fuel Dispensers","Gas/Service Stations",
"5551","Boat Dealers","Automobiles and vehicles",
"5552","Electric Vehicle Charging","Automobiles and vehicles",
"5561","Camper, Recreational and Utility Trailer Dealers","Automobiles and vehicles",
"5571","Motorcycle Shops and Dealers","Automobiles and vehicles",
"5592","Motor Home Dealers","Automobiles and vehicles",
"5598","Snowmobile Dealers","Automobiles and vehicles",
"5599","Miscellaneous Automotive, Aircraft, and Farm Equipment Dealers (Not Elsewhere Classified)","Automobiles and vehicles",
"5611","Men's and Boys' Clothing and Accessories Stores","Clothing stores",
"5621","Women's Ready to Wear Stores","Clothing stores",
"5631","Women's Accessory and Specialty Shops","Clothing stores",
"5641","Children's and Infants' Wear Stores","Clothing stores",
"5651","Family Clothing Stores","Clothing stores",
"5655","Sports and Riding Apparel Stores","Clothing stores",
"5661","Shoe Stores","Clothing stores",
"5681","Furriers and Fur Shops","Clothing stores",
"5691","Men's and Women's Clothing Stores","Clothing stores",
"5697","Tailors, Seamstresses, Mending, and Alterations","Clothing stores",
"5698","Wig and Toupee Shops","Clothing stores",
"5699","Miscellaneous Apparel and Accessory Shops","Clothing stores",
"5712","Furniture, Home Furnishings, and Equipment Stores, Except Appliances","Miscellaneous stores",
"5713","Floor Covering Stores","Miscellaneous stores",
"5714","Drapery, Upholstery and Window Coverings Stores","Miscellaneous stores",
"5718","Fireplace, Fireplace Screens and Accessories Stores","Miscellaneous stores",
"5719","Miscellaneous Home Furnishing Specialty Stores","Miscellaneous stores",
"5722","Household Appliance Stores","Miscellaneous stores",
"5732","Electronics Stores","Miscellaneous stores",
"5733","Music Stores-Musical Instruments, Pianos, Sheet Music","Miscellaneous stores",
"5734","Computer Software Stores","Miscellaneous stores",
"5735","Record Shops","Miscellaneous stores",
"5811","Caterers","Service providers",
"5812","Eating Places and Restaurants","Restaurants",
"5813","Drinking Places (Alcoholic Beverages) - Bars, Taverns, Nightclubs, Cocktail Lounges, and Discotheques","Restaurants",
"5814","Fast Food Restaurants","Restaurants",
"5815","Digital Goods Media - Books, Movies, Digital artwork/images, Music","Miscellaneous stores",
"5816","Digital Goods - Games","Miscellaneous stores",
"5817","Digital Goods - Applications (Excludes Games)","Miscellaneous stores",
"5818","Digital Goods - Large Digital Goods Merchant","Miscellaneous stores",
"5912","Drug Stores and Pharmacies","Pharmacies/Drug Stores",
"5921","Package Stores, Beer, Wine, Liquor","Miscellaneous stores",
"5931","Used Merchandise and Secondhand Stores","Miscellaneous stores",
"5932","Antique Shops-Sales, Repairs and Restoration Services","Miscellaneous stores",
"5933","Pawn Shops","Miscellaneous stores",
"5935","Salvage and Wrecking Yards","Miscellaneous stores",
"5937","Antique Reproduction Stores","Miscellaneous stores",
"5940","Bicycle Shops - Sales and Service","Miscellaneous stores",
"5941","Sporting Goods Stores","Miscellaneous stores",
"5942","Book Stores","Miscellaneous stores",
"5943","Office, School Supply and Stationery Stores","Miscellaneous stores",
"5944","Clock, Jewelry, Watch and Silverware Store","Miscellaneous stores",
"5945","Game, Toy and Hobby Shops","Miscellaneous stores",
"5946","Camera and Photographic Supply Stores","Miscellaneous stores",
"5947","Card, Gift, Novelty and Souvenir Shops","Miscellaneous stores",
"5948","Leather Goods and Luggage Stores","Miscellaneous stores",
"5949","Sewing, Needlework, Fabric and Piece Goods Stores","Miscellaneous stores",
"5950","Crystal and Glassware Stores","Miscellaneous stores",
"5960","Direct Marketing - Insurance Services","Mail /Telephone order providers",
"5962","Direct Marketing - Travel-Related Arrangement Services","Mail /Telephone order providers",
"5963","Door-to-Door Sales","Miscellaneous stores",
"5964","Direct Marketing - Catalog Merchant","Mail /Telephone order providers",
"5965","Direct Marketing - Combination Catalog and Retail Merchant","Mail /Telephone order providers",
"5966","Direct Marketing - Outbound Telemarketing Merchant","Mail /Telephone order providers",
"5967","Direct Marketing - Inbound Teleservices Merchant","Mail /Telephone order providers",
"5968","Direct Marketing - Continuity/Subscription Merchant","Mail /Telephone order providers",
"5969","Direct Marketing - Other Direct Marketers (Not Elsewhere Classified)","Mail /Telephone order providers",
"5970","Artist Supply Stores, Craft Shops","Miscellaneous stores",
"5971","Art Dealers and Galleries","Miscellaneous stores",
"5972","Stamp and Coin Stores-Philatelic and Numismatic Supplies","Miscellaneous stores",
"5973","Religious Goods Stores","Miscellaneous stores",
"5975","Hearing Aids - Sales, Service, and Supply","Miscellaneous stores",
"5976","Orthopedic Goods - Prosthetic Devices","Miscellaneous stores",
"5977","Cosmetic Stores","Miscellaneous stores",
"5978","Typewriter Stores-Rentals, Sales, Service","Miscellaneous stores",
"5983","Fuel Dealers - Fuel Oil, Wood, Coal, and Liquefied Petroleum","Miscellaneous stores",
"5992","Florists","Miscellaneous stores",
"5993","Cigar Stores and Stands","Miscellaneous stores",
"5994","News Dealers and Newsstands","Miscellaneous stores",
"5995","Pet Shops, Pet Foods and Supplies Stores","Miscellaneous stores",
"5996","Swimming Pools - Sales and Service","Miscellaneous stores",
"5997","Electric Razor Stores - Sales and Service","Miscellaneous stores",
"5998","Tent and Awning Shops","Miscellaneous stores",
"5999","Miscellaneous and Specialty Retail Stores","Miscellaneous stores",
"6010","Financial Institutions - Manual Cash Disbursements","Service providers",
"6011","Financial Institutions - Automated Cash Disbursements","Service providers",
"6012","Financial Institutions - Merchandise, Services, and Debt Repayment","Service providers",
"6050","Quasi Cash-Customer Financial Institution","Service providers",
"6051","Non-Financial Institutions - Foreign Currency, Liquid and Cryptocurrency Assets (for example: Cryptocurrency), Money","Service providers",
"6211","Securities-Brokers/Dealers","Service providers",
"6300","Insurance Sales, Underwriting and Premiums","Service providers",
"6513","Real Estate Agents and Managers-Rentals","Service providers",
"6532","Payment Transaction-Customer Financial Institution","Service providers",
"6533","Payment Transaction-Merchant","Service providers",
"6536","MoneySend Intracountry","Service providers",
"6537","MoneySend Intercountry","Service providers",
"6538","MoneySend Funding","Service providers",
"6540","POI Funding Transactions (Excluding MoneySend)","Service providers",
"7011","Lodging - Hotels, Motels, Resorts, Central Reservation Services (Not Elsewhere Classified)","Hotels and Motels",
"7012","Timeshares","Service providers",
"7032","Recreational and Sporting Camps","Service providers",
"7033","Campgrounds and Trailer Parks","Service providers",
"7210","Cleaning, Garment and Laundry Services","Personal service providers",
"7211","Laundries - Family and Commercial","Personal service providers",
"7216","Dry Cleaners","Personal service providers",
"7217","Carpet and Upholstery Cleaning","Personal service providers",
"7221","Photographic Studios","Personal service providers",
"7230","Barber and Beauty Shops","Personal service providers",
"7251","Hat Cleaning Shops, Shoe Repair Shops, Shoe Shine Parlors","Personal service providers",
"7261","Funeral Service and Crematories","Personal service providers",
"7273","Dating and Escort Services","Personal service providers",
"7276","Tax Preparation Services","Personal service providers",
"7277","Debt, Marriage, Personal-Counseling Service","Personal service providers",
"7278","Buying and Shopping Services and Clubs","Personal service providers",
"7296","Clothing Rental - Costumes, Uniforms, Formal Wear","Personal service providers",
"7297","Massage Parlors","Personal service providers",
"7298","Health and Beauty Spas","Personal service providers",
"7299","Miscellaneous Personal Services (Not Elsewhere Classified)","Personal service providers",
"7311","Advertising Services","Business services",
"7321","Consumer Credit Reporting Agencies","Business services",
"7333","Commercial Art, Graphics, Photography","Business services",
"7338","Quick Copy, Reproduction and Blueprinting Services","Business services",
"7339","Stenographic and Secretarial Support Services","Business services",
"7342","Exterminating and Disinfecting Services","Business services",
"7349","Cleaning and Maintenance, Janitorial Services","Business services",
"7361","Employment Agencies and Temporary Help Services","Business services",
"7372","Computer Programming, Data Processing, and Integrated Systems Design Services","Business services",
"7375","Information Retrieval Services","Business services",
"7379","Computer Maintenance, Repair and Services (Not Elsewhere Classified)","Business services",
"7392","Consulting, Management and Public Relations Services","Business services",
"7393","Detective Agencies, Protective Services, and Security Services, including Armored Cars, and Guard Dogs","Business services",
"7394","Equipment, Tool, Furniture, and Appliance Rental and Leasing","Business services",
"7395","Photofinishing Laboratories and Photo Developing","Business services",
"7399","Business Services (Not Elsewhere Classified)","Business services",
"7512","Automobile Rental Agency (Not Elsewhere Classified)","Automobile/Vehicle rentals",
"7513","Truck and Utility Trailer Rentals","Automobile/Vehicle rentals",
"7519","Motor Home and Recreational Vehicle Rentals","Automobile/Vehicle rentals",
"7523","Parking Lots, Parking Meters and Garages","Travel",
"7531","Automotive Body Repair Shops","Repair services",
"7534","Tire Retreading and Repair Shops","Repair services",
"7535","Automotive Paint Shops","Repair services",
"7538","Automotive Service Shops (Non-Dealer)","Repair services",
"7542","Car Washes","Repair services",
"7549","Towing Services","Repair services",
"7622","Electronics Repair Shops","Repair services",
"7623","Air Conditioning and Refrigeration Repair Shops","Repair services",
"7629","Electrical and Small Appliance Repair Shops","Repair services",
"7631","Clock, Jewelry and Watch Repair Shops","Repair services",
"7641","Furniture-Reupholstery and Repair, Refinishing","Repair services",
"7692","Welding Services","Repair services",
"7699","Miscellaneous Repair Shops and Related Services","Repair services",
"7800","Government-Owned Lotteries (US Region only)","Amusement and entertainment",
"7801","Government Licensed On-Line Casinos (On-Line Gambling) (US Region only)","Amusement and entertainment",
"7802","Government-Licensed Horse/Dog Racing (US Region only)","Amusement and entertainment",
"7829","Motion Picture and Video Tape Production and Distribution","Wholesale distributors and manufacturers",
"7832","Motion Picture Theaters","Amusement and entertainment",
"7841","Video Entertainment Rental Stores","Amusement and entertainment",
"7911","Dance Halls, Schools and Studios","Amusement and entertainment",
"7922","Theatrical Producers (except Motion Pictures), Ticket Agencies","Amusement and entertainment",
"7929","Bands, Orchestras, and Miscellaneous Entertainers (Not Elsewhere Classified)","Amusement and entertainment",
"7932","Billiard and Pool Establishments","Amusement and entertainment",
"7933","Bowling Alleys","Amusement and entertainment",
"7941","Commercial Sports, Professional Sports Clubs, Athletic Fields, and Sports Promoters","Amusement and entertainment",
"7991","Tourist Attractions and Exhibits","Amusement and entertainment",
"7992","Public Golf Courses","Amusement and entertainment",
"7994","Video Game Arcades/Establishments","Amusement and entertainment",
"7995","Betting, including Lottery Tickets, Casino Gaming Chips, Off-Track Betting, Wagers at Race Tracks and games of chance to","Amusement and entertainment",
"7996","Amusement Parks, Carnivals, Circuses, Fortune Tellers","Amusement and entertainment",
"7997","Membership Clubs (Sports, Recreation, Athletic), Country Clubs, and Private Golf Courses","Amusement and entertainment",
"7998","Aquariums, Seaquariums, Dolphinariums, and Zoos","Amusement and entertainment",
"7999","Recreation Services (Not Elsewhere Classified)","Amusement and entertainment",
"8011","Doctors and Physicians (Not Elsewhere Classified)","Professional services and membership organizations",
"8021","Dentists and Orthodontists","Professional services and membership organizations",
"8031","Osteopathic Physicians","Professional services and membership organizations",
"8041","Chiropractors","Professional services and membership organizations",
"8042","Optometrists and Ophthalmologists","Professional services and membership organizations",
"8043","Opticians, Optical Goods and Eyeglasses","Professional services and membership organizations",
"8049","Podiatrists and Chiropodists","Professional services and membership organizations",
"8050","Nursing, Home Healthcare and Personal Care Facilities","Professional services and membership organizations",
"8062","Hospitals","Professional services and membership organizations",
"8071","Medical and Dental Laboratories","Professional services and membership organizations",
"8099","Medical Services and Health Practitioners (Not Elsewhere Classified)","Professional services and membership organizations",
"8111","Legal Services and Attorneys","Professional services and membership organizations",
"8211","Elementary and Secondary Schools","Professional services and membership organizations",
"8220","Colleges, Universities, Professional Schools and Junior Colleges","Professional services and membership organizations",
"8241","Correspondence Schools","Professional services and membership organizations",
"8244","Business and Secretarial Schools","Professional services and membership organizations",
"8249","Vocational and Trade Schools","Professional services and membership organizations",
"8299","Schools and Educational Services (Not Elsewhere Classified)","Professional services and membership organizations",
"8351","Child Care Services","Professional services and membership organizations",
"8398","Charitable Social Service Organizations","Professional services and membership organizations",
"8641","Civic, Social, and Fraternal Associations","Professional services and membership organizations",
"8651","Political Organizations","Professional services and membership organizations",
"8661","Religious Organizations","Professional services and membership organizations",
"8675","Automobile Associations","Professional services and membership organizations",
"8699","Membership Organizations (Not Elsewhere Classified)","Professional services and membership organizations",
"8734","Testing Laboratories (Non-Medical)","Professional services and membership organizations",
"8911","Architectural, Engineering and Surveying Services","Professional services and membership organizations",
"8931","Accounting, Auditing and Bookkeeping Services","Professional services and membership organizations",
"8999","Professional Services (Not Elsewhere Classified)","Professional services and membership organizations",
"9211","Court Costs including Alimony and Child Support","Government services",
"9222","Fines","Government services",
"9223","Bail and Bond Payments","Government services",
"9311","Tax Payments","Government services",
"9399","Government Services (Not Elsewhere Classified)","Government services",
"9402","Postal Services - Government Only","Government services",
"9405","U.S. Federal Government Agencies or Departments","Reserved",
"9406","Government-owned Lottery (Specific Countries)","Amusement and entertainment",
"9702","Emergency Services (GCAS) (Visa use only)","Reserved",
"9950","Intra-Company Purchases","Reserved",
